{
  "num_clients": [25, 50, 75, 100, 125, 150],
  "central": [
    0.32208484411239624, 0.22457551956176758, 0.22889120876789093,
    0.21801723539829254, 0.2197837233543396, 0.21816831827163696
  ],
  "FedAvg": [
    0.34699225425720215, 0.3537939190864563, 0.285280704498291,
    0.2850697934627533, 0.2670297622680664, 0.24968606233596802
  ]
}
