{
  "num_clients": [25, 50, 75, 100, 125, 150],
  "lstm": [
    0.34420686960220337, 0.2911144495010376, 0.2645987868309021,
    0.2609110474586487, 0.25324782729148865, 0.23527461290359497
  ],
  "bidirectional": [
    0.4099479913711548, 0.3896322548389435, 0.3441895842552185,
    0.34129858016967773, 0.31631186604499817, 0.299129456281662
  ],
  "gru": [
    0.31754153966903687, 0.3333349823951721, 0.30258867144584656,
    0.2885240912437439, 0.2803601324558258, 0.27193352580070496
  ]
}
